tag,n,faithfulness,context_precision,context_recall,answer_relevancy,ctx_cap,ctx_max_chars,sample_n,batch,judge,ctx_char_cap
naive_top1_instruction,197,0.0250785593425187,0.0231420440788161,0.0227903681074237,0.6123585838697428,5,,,25,gpt-4o-mini,1800.0
naive_top1_persona,197,0.0158813359817553,0.0253807106573604,0.0355329949238578,0.6419751338180368,5,,,25,gpt-4o-mini,1800.0
naive_top1_cot,197,0.0070501974055273,0.0324155815460853,0.0258037225042301,0.7002499171007781,5,,,25,gpt-4o-mini,1800.0
enhanced_top5_persona_rerank,200,0.0,0.0,0.0541666666666666,0.2880898911600953,5,,,25,gpt-4o-mini,1800.0
